{
  "timestamp": "2025-06-01 21:09:20",
  "BME1": {
    "temperature": 28.39,
    "humidity": 86.87305,
    "pressure": 970.3116
  },
  "BME2": {
    "temperature": 28.52,
    "humidity": 80.62598,
    "pressure": 1009.87
  },
  "BME3": {
    "temperature": 28.78,
    "humidity": 83.64355,
    "pressure": 989.7216
  }
}