{
  "timestamp": "2025-06-01 21:06:17",
  "BME1": {
    "temperature": 28.35,
    "humidity": 86.99512,
    "pressure": 970.3497
  },
  "BME2": {
    "temperature": 28.5,
    "humidity": 80.72754,
    "pressure": 1009.893
  },
  "BME3": {
    "temperature": 28.74,
    "humidity": 83.73242,
    "pressure": 989.77
  }
}