{
  "timestamp": "2025-06-01 21:00:11",
  "BME1": {
    "temperature": 28.4,
    "humidity": 86.7207,
    "pressure": 970.5672
  },
  "BME2": {
    "temperature": 28.56,
    "humidity": 80.40527,
    "pressure": 1010.143
  },
  "BME3": {
    "temperature": 28.81,
    "humidity": 83.36328,
    "pressure": 990.0369
  }
}